index,DONG_ID,자치구,동,2020_rate,2022_rate,2024_rate,2026_rate,2028_rate
1,1,강남구,신사동,2.95702001744897,2.95702001744897,2.95702001744897,2.95702001744897,2.95702001744897
2,2,강남구,논현1동,3.41438118758193,3.41438118758193,3.41438118758193,3.41438118758193,3.41438118758193
3,3,강남구,논현2동,3.28323061128633,3.28323061128633,3.28323061128633,3.28323061128633,3.28323061128633
4,4,강남구,삼성1동,3.06024576610722,3.06024576610722,3.06024576610722,3.06024576610722,3.06024576610722
5,5,강남구,삼성2동,3.88421238200609,3.88421238200609,3.88421238200609,3.88421238200609,3.88421238200609
6,6,강남구,대치1동,3.72341140538718,3.72341140538718,3.72341140538718,3.72341140538718,3.72341140538718
7,7,강남구,대치4동,3.38380953014529,3.38380953014529,3.38380953014529,3.38380953014529,3.38380953014529
8,8,강남구,역삼1동,4.99950994669587,4.99950994669587,4.99950994669587,4.99950994669587,4.99950994669587
9,9,강남구,역삼2동,4.16514298706374,4.16514298706374,4.16514298706374,4.16514298706374,4.16514298706374
10,10,강남구,도곡1동,3.19172275062651,3.19172275062651,3.19172275062651,3.19172275062651,3.19172275062651
11,11,강남구,도곡2동,3.93625971938067,3.93625971938067,3.93625971938067,3.93625971938067,3.93625971938067
12,12,강남구,개포1동,2.60681689625779,2.60681689625779,2.60681689625779,2.60681689625779,2.60681689625779
13,13,강남구,개포4동,3.52945178912426,3.52945178912426,3.52945178912426,3.52945178912426,3.52945178912426
14,14,강남구,일원본동,3.34566680660536,3.34566680660536,3.34566680660536,3.34566680660536,3.34566680660536
15,15,강남구,일원1동,3.01713870543904,3.01713870543904,3.01713870543904,3.01713870543904,3.01713870543904
16,16,강남구,일원2동,2.84533995599601,2.84533995599601,2.84533995599601,2.84533995599601,2.84533995599601
17,17,강남구,수서동,2.77670294199142,2.77670294199142,2.77670294199142,2.77670294199142,2.77670294199142
18,18,강남구,세곡동,4.51505097484219,4.51505097484219,4.51505097484219,4.51505097484219,4.51505097484219
19,19,강남구,압구정동,3.96617958495387,3.96617958495387,3.96617958495387,3.96617958495387,3.96617958495387
20,20,강남구,청담동,3.91599463657466,3.91599463657466,3.91599463657466,3.91599463657466,3.91599463657466
21,21,강남구,대치2동,4.5750409085762,4.5750409085762,4.5750409085762,4.5750409085762,4.5750409085762
22,22,강남구,개포2동,3.07209575578134,3.07209575578134,3.07209575578134,3.07209575578134,3.07209575578134
23,23,강동구,강일동,1.79371452433651,1.79371452433651,1.79371452433651,1.79371452433651,1.79371452433651
24,24,강동구,상일동,1.23489519925507,1.23489519925507,1.23489519925507,1.23489519925507,1.23489519925507
25,25,강동구,명일1동,1.65397901009545,1.65397901009545,1.65397901009545,1.65397901009545,1.65397901009545
26,26,강동구,명일2동,1.52241484595704,1.52241484595704,1.52241484595704,1.52241484595704,1.52241484595704
27,27,강동구,고덕1동,1.82451465501975,1.82451465501975,1.82451465501975,1.82451465501975,1.82451465501975
28,28,강동구,고덕2동,1.27997043350777,1.27997043350777,1.27997043350777,1.27997043350777,1.27997043350777
29,29,강동구,암사2동,1.34711099083302,1.34711099083302,1.34711099083302,1.34711099083302,1.34711099083302
30,30,강동구,암사3동,1.45908502044433,1.45908502044433,1.45908502044433,1.45908502044433,1.45908502044433
31,31,강동구,천호1동,1.70335197554908,1.70335197554908,1.70335197554908,1.70335197554908,1.70335197554908
32,32,강동구,천호3동,1.70904353460561,1.70904353460561,1.70904353460561,1.70904353460561,1.70904353460561
33,33,강동구,성내1동,1.57047815827337,1.57047815827337,1.57047815827337,1.57047815827337,1.57047815827337
34,34,강동구,성내2동,1.63737498027134,1.63737498027134,1.63737498027134,1.63737498027134,1.63737498027134
35,35,강동구,성내3동,1.62523449003199,1.62523449003199,1.62523449003199,1.62523449003199,1.62523449003199
36,36,강동구,둔촌1동,1.12806344498948,1.12806344498948,1.12806344498948,1.12806344498948,1.12806344498948
37,37,강동구,둔촌2동,2.02865849583176,2.02865849583176,2.02865849583176,2.02865849583176,2.02865849583176
38,38,강동구,암사1동,1.98521287614165,1.98521287614165,1.98521287614165,1.98521287614165,1.98521287614165
39,39,강동구,천호2동,2.0184616748863,2.0184616748863,2.0184616748863,2.0184616748863,2.0184616748863
40,40,강동구,길동,2.29782753146823,2.29782753146823,2.29782753146823,2.29782753146823,2.29782753146823
41,41,강북구,번1동,0.613758506478031,0.613758506478031,0.613758506478031,0.613758506478031,0.613758506478031
42,42,강북구,번2동,0.491445995416325,0.491445995416325,0.491445995416325,0.491445995416325,0.491445995416325
43,43,강북구,번3동,0.536416323480525,0.536416323480525,0.536416323480525,0.536416323480525,0.536416323480525
44,44,강북구,수유1동,0.61181947104598,0.61181947104598,0.61181947104598,0.61181947104598,0.61181947104598
45,45,강북구,수유2동,0.607925684177328,0.607925684177328,0.607925684177328,0.607925684177328,0.607925684177328
46,46,강북구,수유3동,0.702363620403845,0.702363620403845,0.702363620403845,0.702363620403845,0.702363620403845
47,47,강북구,삼양동,0.721066796283566,0.721066796283566,0.721066796283566,0.721066796283566,0.721066796283566
48,48,강북구,미아동,0.681511514315839,0.681511514315839,0.681511514315839,0.681511514315839,0.681511514315839
49,49,강북구,송중동,0.808109561502024,0.808109561502024,0.808109561502024,0.808109561502024,0.808109561502024
50,50,강북구,송천동,0.838552399576103,0.838552399576103,0.838552399576103,0.838552399576103,0.838552399576103
51,51,강북구,삼각산동,0.83541879010295,0.83541879010295,0.83541879010295,0.83541879010295,0.83541879010295
52,52,강북구,우이동,0.58078176221494,0.58078176221494,0.58078176221494,0.58078176221494,0.58078176221494
53,53,강북구,인수동,0.806448882341137,0.806448882341137,0.806448882341137,0.806448882341137,0.806448882341137
54,54,강서구,염창동,2.37928311948202,2.37928311948202,2.37928311948202,2.37928311948202,2.37928311948202
55,55,강서구,등촌1동,1.89376265603558,1.89376265603558,1.89376265603558,1.89376265603558,1.89376265603558
56,56,강서구,등촌2동,1.7828226276517,1.7828226276517,1.7828226276517,1.7828226276517,1.7828226276517
57,57,강서구,등촌3동,2.19770282020275,2.19770282020275,2.19770282020275,2.19770282020275,2.19770282020275
58,58,강서구,화곡본동,2.19832196666122,2.19832196666122,2.19832196666122,2.19832196666122,2.19832196666122
59,59,강서구,화곡2동,1.71146972870605,1.71146972870605,1.71146972870605,1.71146972870605,1.71146972870605
60,60,강서구,화곡3동,1.82496970433872,1.82496970433872,1.82496970433872,1.82496970433872,1.82496970433872
61,61,강서구,화곡4동,1.81248809319564,1.81248809319564,1.81248809319564,1.81248809319564,1.81248809319564
62,62,강서구,화곡6동,1.92345296282718,1.92345296282718,1.92345296282718,1.92345296282718,1.92345296282718
63,63,강서구,화곡8동,1.91010652808908,1.91010652808908,1.91010652808908,1.91010652808908,1.91010652808908
64,64,강서구,가양1동,2.39238102993126,2.39238102993126,2.39238102993126,2.39238102993126,2.39238102993126
65,65,강서구,가양2동,1.60884662892989,1.60884662892989,1.60884662892989,1.60884662892989,1.60884662892989
66,66,강서구,가양3동,1.65168887170173,1.65168887170173,1.65168887170173,1.65168887170173,1.65168887170173
67,67,강서구,발산1동,2.41719989202291,2.41719989202291,2.41719989202291,2.41719989202291,2.41719989202291
68,68,강서구,공항동,2.02479181339282,2.02479181339282,2.02479181339282,2.02479181339282,2.02479181339282
69,69,강서구,방화1동,2.54454449925517,2.54454449925517,2.54454449925517,2.54454449925517,2.54454449925517
70,70,강서구,방화2동,1.96544141101353,1.96544141101353,1.96544141101353,1.96544141101353,1.96544141101353
71,71,강서구,방화3동,1.83247977744365,1.83247977744365,1.83247977744365,1.83247977744365,1.83247977744365
72,72,강서구,화곡1동,2.78594271437815,2.78594271437815,2.78594271437815,2.78594271437815,2.78594271437815
73,73,강서구,우장산동,2.57102703183922,2.57102703183922,2.57102703183922,2.57102703183922,2.57102703183922
74,74,관악구,보라매동,1.77194189907933,1.77194189907933,1.77194189907933,1.77194189907933,1.77194189907933
75,75,관악구,청림동,1.50524068351686,1.50524068351686,1.50524068351686,1.50524068351686,1.50524068351686
76,76,관악구,행운동,1.85460749238221,1.85460749238221,1.85460749238221,1.85460749238221,1.85460749238221
77,77,관악구,낙성대동,1.55993134624195,1.55993134624195,1.55993134624195,1.55993134624195,1.55993134624195
78,78,관악구,중앙동,1.4987260715129,1.4987260715129,1.4987260715129,1.4987260715129,1.4987260715129
79,79,관악구,인헌동,1.76729259289634,1.76729259289634,1.76729259289634,1.76729259289634,1.76729259289634
80,80,관악구,남현동,1.52465952765286,1.52465952765286,1.52465952765286,1.52465952765286,1.52465952765286
81,81,관악구,서원동,1.65123143895688,1.65123143895688,1.65123143895688,1.65123143895688,1.65123143895688
82,82,관악구,신원동,1.53300677090245,1.53300677090245,1.53300677090245,1.53300677090245,1.53300677090245
83,83,관악구,서림동,1.71367616954878,1.71367616954878,1.71367616954878,1.71367616954878,1.71367616954878
84,84,관악구,신사동,1.71705004074457,1.71705004074457,1.71705004074457,1.71705004074457,1.71705004074457
85,85,관악구,신림동,1.62936822438277,1.62936822438277,1.62936822438277,1.62936822438277,1.62936822438277
86,86,관악구,난향동,1.51177293210545,1.51177293210545,1.51177293210545,1.51177293210545,1.51177293210545
87,87,관악구,조원동,1.59902562710472,1.59902562710472,1.59902562710472,1.59902562710472,1.59902562710472
88,88,관악구,대학동,1.73653192796003,1.73653192796003,1.73653192796003,1.73653192796003,1.73653192796003
89,89,관악구,은천동,1.98858215061811,1.98858215061811,1.98858215061811,1.98858215061811,1.98858215061811
90,90,관악구,성현동,1.89078337201612,1.89078337201612,1.89078337201612,1.89078337201612,1.89078337201612
91,91,관악구,청룡동,1.87583482977138,1.87583482977138,1.87583482977138,1.87583482977138,1.87583482977138
92,92,관악구,난곡동,1.75394495350357,1.75394495350357,1.75394495350357,1.75394495350357,1.75394495350357
93,93,관악구,삼성동,1.73517098884383,1.73517098884383,1.73517098884383,1.73517098884383,1.73517098884383
94,94,관악구,미성동,1.87701504493823,1.87701504493823,1.87701504493823,1.87701504493823,1.87701504493823
95,95,광진구,화양동,1.24297930227885,1.24297930227885,1.24297930227885,1.24297930227885,1.24297930227885
96,96,광진구,군자동,1.0469770567579,1.0469770567579,1.0469770567579,1.0469770567579,1.0469770567579
97,97,광진구,중곡1동,0.920917484301992,0.920917484301992,0.920917484301992,0.920917484301992,0.920917484301992
98,98,광진구,중곡2동,1.0793289007403,1.0793289007403,1.0793289007403,1.0793289007403,1.0793289007403
99,99,광진구,중곡3동,0.915990842256627,0.915990842256627,0.915990842256627,0.915990842256627,0.915990842256627
100,100,광진구,중곡4동,1.26186700426053,1.26186700426053,1.26186700426053,1.26186700426053,1.26186700426053
101,101,광진구,능동,0.891055328341744,0.891055328341744,0.891055328341744,0.891055328341744,0.891055328341744
102,102,광진구,구의1동,1.24954020838815,1.24954020838815,1.24954020838815,1.24954020838815,1.24954020838815
103,103,광진구,구의2동,1.3588832397653,1.3588832397653,1.3588832397653,1.3588832397653,1.3588832397653
104,104,광진구,구의3동,1.49140744730071,1.49140744730071,1.49140744730071,1.49140744730071,1.49140744730071
105,105,광진구,광장동,1.60887401862558,1.60887401862558,1.60887401862558,1.60887401862558,1.60887401862558
106,106,광진구,자양1동,1.26116662605298,1.26116662605298,1.26116662605298,1.26116662605298,1.26116662605298
107,107,광진구,자양2동,1.32212789130896,1.32212789130896,1.32212789130896,1.32212789130896,1.32212789130896
108,108,광진구,자양3동,1.37530105470461,1.37530105470461,1.37530105470461,1.37530105470461,1.37530105470461
109,109,광진구,자양4동,1.22216709002541,1.22216709002541,1.22216709002541,1.22216709002541,1.22216709002541
110,110,구로구,신도림동,2.05536654534028,2.05536654534028,2.05536654534028,2.05536654534028,2.05536654534028
111,111,구로구,구로1동,1.48672774162939,1.48672774162939,1.48672774162939,1.48672774162939,1.48672774162939
112,112,구로구,구로3동,2.0918355031661,2.0918355031661,2.0918355031661,2.0918355031661,2.0918355031661
113,113,구로구,구로4동,1.73465418845079,1.73465418845079,1.73465418845079,1.73465418845079,1.73465418845079
114,114,구로구,구로5동,2.08548138330238,2.08548138330238,2.08548138330238,2.08548138330238,2.08548138330238
115,115,구로구,고척1동,1.64302538876425,1.64302538876425,1.64302538876425,1.64302538876425,1.64302538876425
116,116,구로구,고척2동,1.67891721887583,1.67891721887583,1.67891721887583,1.67891721887583,1.67891721887583
117,117,구로구,개봉2동,1.75818727117799,1.75818727117799,1.75818727117799,1.75818727117799,1.75818727117799
118,118,구로구,개봉3동,1.50936134959716,1.50936134959716,1.50936134959716,1.50936134959716,1.50936134959716
119,119,구로구,오류1동,1.48220930744136,1.48220930744136,1.48220930744136,1.48220930744136,1.48220930744136
120,120,구로구,오류2동,2.06654109892686,2.06654109892686,2.06654109892686,2.06654109892686,2.06654109892686
121,121,구로구,수궁동,1.56550059596246,1.56550059596246,1.56550059596246,1.56550059596246,1.56550059596246
122,122,구로구,가리봉동,1.27794605356798,1.27794605356798,1.27794605356798,1.27794605356798,1.27794605356798
123,123,구로구,구로2동,2.28114485670143,2.28114485670143,2.28114485670143,2.28114485670143,2.28114485670143
124,124,구로구,개봉1동,1.80419194144219,1.80419194144219,1.80419194144219,1.80419194144219,1.80419194144219
125,125,금천구,가산동,2.26983541167932,2.26983541167932,2.26983541167932,2.26983541167932,2.26983541167932
126,126,금천구,독산1동,1.98213604603962,1.98213604603962,1.98213604603962,1.98213604603962,1.98213604603962
127,127,금천구,독산2동,1.43774591068,1.43774591068,1.43774591068,1.43774591068,1.43774591068
128,128,금천구,독산3동,1.66125188542183,1.66125188542183,1.66125188542183,1.66125188542183,1.66125188542183
129,129,금천구,독산4동,1.37615735833938,1.37615735833938,1.37615735833938,1.37615735833938,1.37615735833938
130,130,금천구,시흥1동,1.80405051529659,1.80405051529659,1.80405051529659,1.80405051529659,1.80405051529659
131,131,금천구,시흥2동,1.38818509211382,1.38818509211382,1.38818509211382,1.38818509211382,1.38818509211382
132,132,금천구,시흥3동,1.35726255642373,1.35726255642373,1.35726255642373,1.35726255642373,1.35726255642373
133,133,금천구,시흥4동,1.38972723701983,1.38972723701983,1.38972723701983,1.38972723701983,1.38972723701983
134,134,금천구,시흥5동,1.41776102349822,1.41776102349822,1.41776102349822,1.41776102349822,1.41776102349822
135,135,노원구,월계1동,0.876650533111265,0.876650533111265,0.876650533111265,0.876650533111265,0.876650533111265
136,136,노원구,월계2동,0.873780696820737,0.873780696820737,0.873780696820737,0.873780696820737,0.873780696820737
137,137,노원구,월계3동,1.02405448406996,1.02405448406996,1.02405448406996,1.02405448406996,1.02405448406996
138,138,노원구,공릉2동,1.23695725663269,1.23695725663269,1.23695725663269,1.23695725663269,1.23695725663269
139,139,노원구,하계1동,0.970498199093896,0.970498199093896,0.970498199093896,0.970498199093896,0.970498199093896
140,140,노원구,하계2동,0.805355027654894,0.805355027654894,0.805355027654894,0.805355027654894,0.805355027654894
141,141,노원구,중계본동,0.921889721676807,0.921889721676807,0.921889721676807,0.921889721676807,0.921889721676807
142,142,노원구,중계1동,0.938736616741791,0.938736616741791,0.938736616741791,0.938736616741791,0.938736616741791
143,143,노원구,중계4동,0.796884708048577,0.796884708048577,0.796884708048577,0.796884708048577,0.796884708048577
144,144,노원구,상계1동,1.34674433052598,1.34674433052598,1.34674433052598,1.34674433052598,1.34674433052598
145,145,노원구,상계2동,0.880529154024726,0.880529154024726,0.880529154024726,0.880529154024726,0.880529154024726
146,146,노원구,상계5동,0.917189676906757,0.917189676906757,0.917189676906757,0.917189676906757,0.917189676906757
147,147,노원구,상계8동,0.807434773566508,0.807434773566508,0.807434773566508,0.807434773566508,0.807434773566508
148,148,노원구,상계9동,0.767079996630405,0.767079996630405,0.767079996630405,0.767079996630405,0.767079996630405
149,149,노원구,상계10동,0.628560376617714,0.628560376617714,0.628560376617714,0.628560376617714,0.628560376617714
150,150,노원구,상계3.4동,0.883190273255955,0.883190273255955,0.883190273255955,0.883190273255955,0.883190273255955
151,151,노원구,상계6.7동,1.13619260262531,1.13619260262531,1.13619260262531,1.13619260262531,1.13619260262531
152,152,노원구,중계2.3동,1.1413765663034,1.1413765663034,1.1413765663034,1.1413765663034,1.1413765663034
153,153,노원구,공릉1동,1.25049810900267,1.25049810900267,1.25049810900267,1.25049810900267,1.25049810900267
154,154,도봉구,쌍문1동,0.686874620578468,0.686874620578468,0.686874620578468,0.686874620578468,0.686874620578468
155,155,도봉구,쌍문2동,0.670021073911202,0.670021073911202,0.670021073911202,0.670021073911202,0.670021073911202
156,156,도봉구,쌍문3동,0.586556963459242,0.586556963459242,0.586556963459242,0.586556963459242,0.586556963459242
157,157,도봉구,쌍문4동,0.634634778389988,0.634634778389988,0.634634778389988,0.634634778389988,0.634634778389988
158,158,도봉구,방학1동,0.920065915009538,0.920065915009538,0.920065915009538,0.920065915009538,0.920065915009538
159,159,도봉구,방학2동,0.685750039459411,0.685750039459411,0.685750039459411,0.685750039459411,0.685750039459411
160,160,도봉구,방학3동,0.826719373851425,0.826719373851425,0.826719373851425,0.826719373851425,0.826719373851425
161,161,도봉구,창1동,0.861742094840815,0.861742094840815,0.861742094840815,0.861742094840815,0.861742094840815
162,162,도봉구,창2동,0.957688246728871,0.957688246728871,0.957688246728871,0.957688246728871,0.957688246728871
163,163,도봉구,창3동,0.607427856681237,0.607427856681237,0.607427856681237,0.607427856681237,0.607427856681237
164,164,도봉구,창4동,0.896076693592849,0.896076693592849,0.896076693592849,0.896076693592849,0.896076693592849
165,165,도봉구,창5동,0.90300613137997,0.90300613137997,0.90300613137997,0.90300613137997,0.90300613137997
166,166,도봉구,도봉1동,0.738135579947915,0.738135579947915,0.738135579947915,0.738135579947915,0.738135579947915
167,167,도봉구,도봉2동,0.907521168833961,0.907521168833961,0.907521168833961,0.907521168833961,0.907521168833961
168,168,동대문구,회기동,0.738046800646354,0.738046800646354,0.738046800646354,0.738046800646354,0.738046800646354
169,169,동대문구,휘경1동,0.769751366876009,0.769751366876009,0.769751366876009,0.769751366876009,0.769751366876009
170,170,동대문구,휘경2동,1.02040579551433,1.02040579551433,1.02040579551433,1.02040579551433,1.02040579551433
171,171,동대문구,청량리동,1.03955825093134,1.03955825093134,1.03955825093134,1.03955825093134,1.03955825093134
172,172,동대문구,용신동,1.46882281305239,1.46882281305239,1.46882281305239,1.46882281305239,1.46882281305239
173,173,동대문구,제기동,1.28389293650869,1.28389293650869,1.28389293650869,1.28389293650869,1.28389293650869
174,174,동대문구,전농1동,1.27727677995362,1.27727677995362,1.27727677995362,1.27727677995362,1.27727677995362
175,175,동대문구,전농2동,0.973950295351351,0.973950295351351,0.973950295351351,0.973950295351351,0.973950295351351
176,176,동대문구,답십리1동,1.22894742782065,1.22894742782065,1.22894742782065,1.22894742782065,1.22894742782065
177,177,동대문구,답십리2동,1.21488001296964,1.21488001296964,1.21488001296964,1.21488001296964,1.21488001296964
178,178,동대문구,장안1동,1.53144434826296,1.53144434826296,1.53144434826296,1.53144434826296,1.53144434826296
179,179,동대문구,장안2동,1.29284591597675,1.29284591597675,1.29284591597675,1.29284591597675,1.29284591597675
180,180,동대문구,이문1동,1.05213405046817,1.05213405046817,1.05213405046817,1.05213405046817,1.05213405046817
181,181,동대문구,이문2동,1.01880759559525,1.01880759559525,1.01880759559525,1.01880759559525,1.01880759559525
182,182,동작구,노량진2동,1.7346285867556,1.7346285867556,1.7346285867556,1.7346285867556,1.7346285867556
183,183,동작구,상도1동,2.69779119629226,2.69779119629226,2.69779119629226,2.69779119629226,2.69779119629226
184,184,동작구,상도2동,2.15580137566157,2.15580137566157,2.15580137566157,2.15580137566157,2.15580137566157
185,185,동작구,상도3동,2.0738216884487,2.0738216884487,2.0738216884487,2.0738216884487,2.0738216884487
186,186,동작구,상도4동,2.20228565647742,2.20228565647742,2.20228565647742,2.20228565647742,2.20228565647742
187,187,동작구,사당1동,1.90886575378272,1.90886575378272,1.90886575378272,1.90886575378272,1.90886575378272
188,188,동작구,사당3동,2.08823711572994,2.08823711572994,2.08823711572994,2.08823711572994,2.08823711572994
189,189,동작구,사당4동,1.74730326485096,1.74730326485096,1.74730326485096,1.74730326485096,1.74730326485096
190,190,동작구,사당5동,1.67222137538958,1.67222137538958,1.67222137538958,1.67222137538958,1.67222137538958
191,191,동작구,대방동,2.47795123500467,2.47795123500467,2.47795123500467,2.47795123500467,2.47795123500467
192,192,동작구,신대방1동,2.00814754676127,2.00814754676127,2.00814754676127,2.00814754676127,2.00814754676127
193,193,동작구,신대방2동,1.8510206992485,1.8510206992485,1.8510206992485,1.8510206992485,1.8510206992485
194,194,동작구,흑석동,2.38933513113716,2.38933513113716,2.38933513113716,2.38933513113716,2.38933513113716
195,195,동작구,노량진1동,2.28019482581802,2.28019482581802,2.28019482581802,2.28019482581802,2.28019482581802
196,196,동작구,사당2동,2.00462878858878,2.00462878858878,2.00462878858878,2.00462878858878,2.00462878858878
197,197,마포구,용강동,1.81736383160898,1.81736383160898,1.81736383160898,1.81736383160898,1.81736383160898
198,198,마포구,대흥동,1.36608661865218,1.36608661865218,1.36608661865218,1.36608661865218,1.36608661865218
199,199,마포구,염리동,1.38955147395801,1.38955147395801,1.38955147395801,1.38955147395801,1.38955147395801
200,200,마포구,신수동,1.66523828121451,1.66523828121451,1.66523828121451,1.66523828121451,1.66523828121451
201,201,마포구,서교동,2.3083142670195,2.3083142670195,2.3083142670195,2.3083142670195,2.3083142670195
202,202,마포구,합정동,1.65924939330102,1.65924939330102,1.65924939330102,1.65924939330102,1.65924939330102
203,203,마포구,망원1동,1.61659676225946,1.61659676225946,1.61659676225946,1.61659676225946,1.61659676225946
204,204,마포구,망원2동,1.52468182851251,1.52468182851251,1.52468182851251,1.52468182851251,1.52468182851251
205,205,마포구,연남동,1.49743062266815,1.49743062266815,1.49743062266815,1.49743062266815,1.49743062266815
206,206,마포구,성산1동,1.62762159746172,1.62762159746172,1.62762159746172,1.62762159746172,1.62762159746172
207,207,마포구,성산2동,2.26550715182056,2.26550715182056,2.26550715182056,2.26550715182056,2.26550715182056
208,208,마포구,상암동,1.90310094458488,1.90310094458488,1.90310094458488,1.90310094458488,1.90310094458488
209,209,마포구,도화동,1.66796680649253,1.66796680649253,1.66796680649253,1.66796680649253,1.66796680649253
210,210,마포구,서강동,1.83175837710133,1.83175837710133,1.83175837710133,1.83175837710133,1.83175837710133
211,211,마포구,공덕동,2.37458999832013,2.37458999832013,2.37458999832013,2.37458999832013,2.37458999832013
212,212,마포구,아현동,1.95772317585675,1.95772317585675,1.95772317585675,1.95772317585675,1.95772317585675
213,213,서대문구,천연동,1.22252232145444,1.22252232145444,1.22252232145444,1.22252232145444,1.22252232145444
214,214,서대문구,홍제1동,1.39457019603293,1.39457019603293,1.39457019603293,1.39457019603293,1.39457019603293
215,215,서대문구,홍제3동,1.16841157926122,1.16841157926122,1.16841157926122,1.16841157926122,1.16841157926122
216,216,서대문구,홍제2동,1.11134292625922,1.11134292625922,1.11134292625922,1.11134292625922,1.11134292625922
217,217,서대문구,홍은1동,1.32611833668545,1.32611833668545,1.32611833668545,1.32611833668545,1.32611833668545
218,218,서대문구,홍은2동,1.48138893486988,1.48138893486988,1.48138893486988,1.48138893486988,1.48138893486988
219,219,서대문구,남가좌1동,1.793933580765,1.793933580765,1.793933580765,1.793933580765,1.793933580765
220,220,서대문구,남가좌2동,1.47773450462623,1.47773450462623,1.47773450462623,1.47773450462623,1.47773450462623
221,221,서대문구,북가좌1동,1.25837797282422,1.25837797282422,1.25837797282422,1.25837797282422,1.25837797282422
222,222,서대문구,북가좌2동,1.72594371333194,1.72594371333194,1.72594371333194,1.72594371333194,1.72594371333194
223,223,서대문구,충현동,1.21936745857345,1.21936745857345,1.21936745857345,1.21936745857345,1.21936745857345
224,224,서대문구,북아현동,1.49162485191621,1.49162485191621,1.49162485191621,1.49162485191621,1.49162485191621
225,225,서대문구,신촌동,1.62405852802407,1.62405852802407,1.62405852802407,1.62405852802407,1.62405852802407
226,226,서대문구,연희동,1.89551115416807,1.89551115416807,1.89551115416807,1.89551115416807,1.89551115416807
227,227,서초구,서초1동,2.90237620359849,2.90237620359849,2.90237620359849,2.90237620359849,2.90237620359849
228,228,서초구,서초2동,2.80415110169962,2.80415110169962,2.80415110169962,2.80415110169962,2.80415110169962
229,229,서초구,서초3동,3.67410798403103,3.67410798403103,3.67410798403103,3.67410798403103,3.67410798403103
230,230,서초구,서초4동,3.47659959958919,3.47659959958919,3.47659959958919,3.47659959958919,3.47659959958919
231,231,서초구,잠원동,3.86866372116296,3.86866372116296,3.86866372116296,3.86866372116296,3.86866372116296
232,232,서초구,반포본동,2.70669041378674,2.70669041378674,2.70669041378674,2.70669041378674,2.70669041378674
233,233,서초구,반포1동,3.84003293519247,3.84003293519247,3.84003293519247,3.84003293519247,3.84003293519247
234,234,서초구,반포2동,2.88082121385897,2.88082121385897,2.88082121385897,2.88082121385897,2.88082121385897
235,235,서초구,반포3동,3.12065475385373,3.12065475385373,3.12065475385373,3.12065475385373,3.12065475385373
236,236,서초구,반포4동,3.30088180877462,3.30088180877462,3.30088180877462,3.30088180877462,3.30088180877462
237,237,서초구,방배본동,2.7734806286717,2.7734806286717,2.7734806286717,2.7734806286717,2.7734806286717
238,238,서초구,방배1동,2.50607050059469,2.50607050059469,2.50607050059469,2.50607050059469,2.50607050059469
239,239,서초구,방배2동,2.8630514437106,2.8630514437106,2.8630514437106,2.8630514437106,2.8630514437106
240,240,서초구,방배3동,2.75258261618193,2.75258261618193,2.75258261618193,2.75258261618193,2.75258261618193
241,241,서초구,방배4동,2.96037717103248,2.96037717103248,2.96037717103248,2.96037717103248,2.96037717103248
242,242,서초구,양재1동,4.29870249181648,4.29870249181648,4.29870249181648,4.29870249181648,4.29870249181648
243,243,서초구,양재2동,3.14290587961934,3.14290587961934,3.14290587961934,3.14290587961934,3.14290587961934
244,244,서초구,내곡동,2.57412286731057,2.57412286731057,2.57412286731057,2.57412286731057,2.57412286731057
245,245,성동구,왕십리2동,1.47812082388353,1.47812082388353,1.47812082388353,1.47812082388353,1.47812082388353
246,246,성동구,마장동,1.69476484482048,1.69476484482048,1.69476484482048,1.69476484482048,1.69476484482048
247,247,성동구,사근동,1.11555722429498,1.11555722429498,1.11555722429498,1.11555722429498,1.11555722429498
248,248,성동구,행당1동,1.47463357480433,1.47463357480433,1.47463357480433,1.47463357480433,1.47463357480433
249,249,성동구,행당2동,1.66030803655696,1.66030803655696,1.66030803655696,1.66030803655696,1.66030803655696
250,250,성동구,응봉동,1.36353996738221,1.36353996738221,1.36353996738221,1.36353996738221,1.36353996738221
251,251,성동구,금호1가동,1.5057464546708,1.5057464546708,1.5057464546708,1.5057464546708,1.5057464546708
252,252,성동구,금호4가동,1.56259586747038,1.56259586747038,1.56259586747038,1.56259586747038,1.56259586747038
253,253,성동구,성수1가1동,1.57767214312475,1.57767214312475,1.57767214312475,1.57767214312475,1.57767214312475
254,254,성동구,성수1가2동,1.54102584591795,1.54102584591795,1.54102584591795,1.54102584591795,1.54102584591795
255,255,성동구,성수2가1동,1.52400486266412,1.52400486266412,1.52400486266412,1.52400486266412,1.52400486266412
256,256,성동구,성수2가3동,1.53725260498299,1.53725260498299,1.53725260498299,1.53725260498299,1.53725260498299
257,257,성동구,송정동,1.02761739886578,1.02761739886578,1.02761739886578,1.02761739886578,1.02761739886578
258,258,성동구,용답동,1.16193144792155,1.16193144792155,1.16193144792155,1.16193144792155,1.16193144792155
259,259,성동구,왕십리도선동,1.8106982155155,1.8106982155155,1.8106982155155,1.8106982155155,1.8106982155155
260,260,성동구,금호2.3가동,1.75323068010529,1.75323068010529,1.75323068010529,1.75323068010529,1.75323068010529
261,261,성동구,옥수동,1.89413224877753,1.89413224877753,1.89413224877753,1.89413224877753,1.89413224877753
262,262,성북구,돈암1동,0.620883742597154,0.620883742597154,0.620883742597154,0.620883742597154,0.620883742597154
263,263,성북구,돈암2동,0.847178558244408,0.847178558244408,0.847178558244408,0.847178558244408,0.847178558244408
264,264,성북구,안암동,1.23494822305449,1.23494822305449,1.23494822305449,1.23494822305449,1.23494822305449
265,265,성북구,보문동,0.763854083403662,0.763854083403662,0.763854083403662,0.763854083403662,0.763854083403662
266,266,성북구,정릉1동,0.660589468134864,0.660589468134864,0.660589468134864,0.660589468134864,0.660589468134864
267,267,성북구,정릉2동,0.808485501110344,0.808485501110344,0.808485501110344,0.808485501110344,0.808485501110344
268,268,성북구,정릉3동,0.615093194458725,0.615093194458725,0.615093194458725,0.615093194458725,0.615093194458725
269,269,성북구,정릉4동,0.879309716876431,0.879309716876431,0.879309716876431,0.879309716876431,0.879309716876431
270,270,성북구,길음1동,1.24040147915978,1.24040147915978,1.24040147915978,1.24040147915978,1.24040147915978
271,271,성북구,길음2동,0.564672857576211,0.564672857576211,0.564672857576211,0.564672857576211,0.564672857576211
272,272,성북구,월곡1동,0.958151985673914,0.958151985673914,0.958151985673914,0.958151985673914,0.958151985673914
273,273,성북구,월곡2동,0.786610261888545,0.786610261888545,0.786610261888545,0.786610261888545,0.786610261888545
274,274,성북구,장위1동,0.805315535341067,0.805315535341067,0.805315535341067,0.805315535341067,0.805315535341067
275,275,성북구,장위2동,0.673714443009357,0.673714443009357,0.673714443009357,0.673714443009357,0.673714443009357
276,276,성북구,장위3동,0.574161308272331,0.574161308272331,0.574161308272331,0.574161308272331,0.574161308272331
277,277,성북구,성북동,0.675384851874927,0.675384851874927,0.675384851874927,0.675384851874927,0.675384851874927
278,278,성북구,삼선동,0.99187291713272,0.99187291713272,0.99187291713272,0.99187291713272,0.99187291713272
279,279,성북구,동선동,0.738131860060539,0.738131860060539,0.738131860060539,0.738131860060539,0.738131860060539
280,280,성북구,종암동,1.3651212647565,1.3651212647565,1.3651212647565,1.3651212647565,1.3651212647565
281,281,성북구,석관동,1.17648667493988,1.17648667493988,1.17648667493988,1.17648667493988,1.17648667493988
282,282,송파구,풍납1동,1.54975113821573,1.54975113821573,1.54975113821573,1.54975113821573,1.54975113821573
283,283,송파구,풍납2동,1.85839164888706,1.85839164888706,1.85839164888706,1.85839164888706,1.85839164888706
284,284,송파구,거여1동,1.47500760337099,1.47500760337099,1.47500760337099,1.47500760337099,1.47500760337099
285,285,송파구,거여2동,1.56953149634339,1.56953149634339,1.56953149634339,1.56953149634339,1.56953149634339
286,286,송파구,마천1동,1.70573164375098,1.70573164375098,1.70573164375098,1.70573164375098,1.70573164375098
287,287,송파구,마천2동,1.75299985870178,1.75299985870178,1.75299985870178,1.75299985870178,1.75299985870178
288,288,송파구,방이1동,1.80899297415068,1.80899297415068,1.80899297415068,1.80899297415068,1.80899297415068
289,289,송파구,방이2동,2.16671370357437,2.16671370357437,2.16671370357437,2.16671370357437,2.16671370357437
290,290,송파구,오륜동,1.90783565424197,1.90783565424197,1.90783565424197,1.90783565424197,1.90783565424197
291,291,송파구,오금동,2.55032962274292,2.55032962274292,2.55032962274292,2.55032962274292,2.55032962274292
292,292,송파구,송파1동,2.07932540894138,2.07932540894138,2.07932540894138,2.07932540894138,2.07932540894138
293,293,송파구,송파2동,1.83671622031845,1.83671622031845,1.83671622031845,1.83671622031845,1.83671622031845
294,294,송파구,석촌동,2.2902431554784,2.2902431554784,2.2902431554784,2.2902431554784,2.2902431554784
295,295,송파구,삼전동,2.14226031677567,2.14226031677567,2.14226031677567,2.14226031677567,2.14226031677567
296,296,송파구,가락본동,2.29440290981198,2.29440290981198,2.29440290981198,2.29440290981198,2.29440290981198
297,297,송파구,가락1동,1.67985905532667,1.67985905532667,1.67985905532667,1.67985905532667,1.67985905532667
298,298,송파구,가락2동,2.40541830069894,2.40541830069894,2.40541830069894,2.40541830069894,2.40541830069894
299,299,송파구,문정1동,1.88747362507323,1.88747362507323,1.88747362507323,1.88747362507323,1.88747362507323
300,300,송파구,문정2동,2.51414498651935,2.51414498651935,2.51414498651935,2.51414498651935,2.51414498651935
301,301,송파구,장지동,2.3152135477347,2.3152135477347,2.3152135477347,2.3152135477347,2.3152135477347
302,302,송파구,위례동,2.50499655076395,2.50499655076395,2.50499655076395,2.50499655076395,2.50499655076395
303,303,송파구,잠실본동,2.5272378487337,2.5272378487337,2.5272378487337,2.5272378487337,2.5272378487337
304,304,송파구,잠실4동,2.36242539305186,2.36242539305186,2.36242539305186,2.36242539305186,2.36242539305186
305,305,송파구,잠실6동,2.10667005040474,2.10667005040474,2.10667005040474,2.10667005040474,2.10667005040474
306,306,송파구,잠실7동,1.80786083860941,1.80786083860941,1.80786083860941,1.80786083860941,1.80786083860941
307,307,송파구,잠실2동,2.64424104735336,2.64424104735336,2.64424104735336,2.64424104735336,2.64424104735336
308,308,송파구,잠실3동,2.67394163972119,2.67394163972119,2.67394163972119,2.67394163972119,2.67394163972119
309,309,양천구,목1동,2.28972298306346,2.28972298306346,2.28972298306346,2.28972298306346,2.28972298306346
310,310,양천구,목2동,2.15773411644638,2.15773411644638,2.15773411644638,2.15773411644638,2.15773411644638
311,311,양천구,목3동,1.94792189056856,1.94792189056856,1.94792189056856,1.94792189056856,1.94792189056856
312,312,양천구,목4동,2.04591402554163,2.04591402554163,2.04591402554163,2.04591402554163,2.04591402554163
313,313,양천구,신월1동,1.68913091161642,1.68913091161642,1.68913091161642,1.68913091161642,1.68913091161642
314,314,양천구,신월2동,1.68635600518019,1.68635600518019,1.68635600518019,1.68635600518019,1.68635600518019
315,315,양천구,신월3동,1.50368064485188,1.50368064485188,1.50368064485188,1.50368064485188,1.50368064485188
316,316,양천구,신월4동,1.59759051148492,1.59759051148492,1.59759051148492,1.59759051148492,1.59759051148492
317,317,양천구,신월5동,1.49801827031919,1.49801827031919,1.49801827031919,1.49801827031919,1.49801827031919
318,318,양천구,신월6동,1.2329783440424,1.2329783440424,1.2329783440424,1.2329783440424,1.2329783440424
319,319,양천구,신월7동,1.73923147821104,1.73923147821104,1.73923147821104,1.73923147821104,1.73923147821104
320,320,양천구,신정1동,1.89238671584617,1.89238671584617,1.89238671584617,1.89238671584617,1.89238671584617
321,321,양천구,신정2동,1.82994769654313,1.82994769654313,1.82994769654313,1.82994769654313,1.82994769654313
322,322,양천구,신정3동,2.57089170700951,2.57089170700951,2.57089170700951,2.57089170700951,2.57089170700951
323,323,양천구,신정6동,1.91053036331492,1.91053036331492,1.91053036331492,1.91053036331492,1.91053036331492
324,324,양천구,신정7동,2.02093229128571,2.02093229128571,2.02093229128571,2.02093229128571,2.02093229128571
325,325,양천구,목5동,2.47754737635216,2.47754737635216,2.47754737635216,2.47754737635216,2.47754737635216
326,326,양천구,신정4동,2.3025123975786,2.3025123975786,2.3025123975786,2.3025123975786,2.3025123975786
327,327,영등포구,여의동,3.09059952552805,3.09059952552805,3.09059952552805,3.09059952552805,3.09059952552805
328,328,영등포구,당산1동,2.14232080992747,2.14232080992747,2.14232080992747,2.14232080992747,2.14232080992747
329,329,영등포구,당산2동,2.57333555633654,2.57333555633654,2.57333555633654,2.57333555633654,2.57333555633654
330,330,영등포구,양평1동,2.01059863360018,2.01059863360018,2.01059863360018,2.01059863360018,2.01059863360018
331,331,영등포구,양평2동,2.10079549257614,2.10079549257614,2.10079549257614,2.10079549257614,2.10079549257614
332,332,영등포구,신길1동,1.97345785686777,1.97345785686777,1.97345785686777,1.97345785686777,1.97345785686777
333,333,영등포구,신길3동,1.99715748991003,1.99715748991003,1.99715748991003,1.99715748991003,1.99715748991003
334,334,영등포구,신길4동,1.65812124261075,1.65812124261075,1.65812124261075,1.65812124261075,1.65812124261075
335,335,영등포구,신길5동,1.69116079683044,1.69116079683044,1.69116079683044,1.69116079683044,1.69116079683044
336,336,영등포구,신길6동,2.00929578687933,2.00929578687933,2.00929578687933,2.00929578687933,2.00929578687933
337,337,영등포구,신길7동,1.95767049334271,1.95767049334271,1.95767049334271,1.95767049334271,1.95767049334271
338,338,영등포구,대림1동,1.82170356953517,1.82170356953517,1.82170356953517,1.82170356953517,1.82170356953517
339,339,영등포구,대림2동,2.01172703983465,2.01172703983465,2.01172703983465,2.01172703983465,2.01172703983465
340,340,영등포구,대림3동,2.26870894073614,2.26870894073614,2.26870894073614,2.26870894073614,2.26870894073614
341,341,영등포구,영등포본동,2.18783981658982,2.18783981658982,2.18783981658982,2.18783981658982,2.18783981658982
342,342,영등포구,영등포동,2.50083107773425,2.50083107773425,2.50083107773425,2.50083107773425,2.50083107773425
343,343,영등포구,도림동,2.02225997147715,2.02225997147715,2.02225997147715,2.02225997147715,2.02225997147715
344,344,영등포구,문래동,2.57013540592989,2.57013540592989,2.57013540592989,2.57013540592989,2.57013540592989
345,345,용산구,후암동,1.51437139580731,1.51437139580731,1.51437139580731,1.51437139580731,1.51437139580731
346,346,용산구,용산2가동,1.3444334522749,1.3444334522749,1.3444334522749,1.3444334522749,1.3444334522749
347,347,용산구,남영동,1.20401231806214,1.20401231806214,1.20401231806214,1.20401231806214,1.20401231806214
348,348,용산구,원효로2동,1.49323287994476,1.49323287994476,1.49323287994476,1.49323287994476,1.49323287994476
349,349,용산구,효창동,1.33216777553706,1.33216777553706,1.33216777553706,1.33216777553706,1.33216777553706
350,350,용산구,용문동,1.41097070852431,1.41097070852431,1.41097070852431,1.41097070852431,1.41097070852431
351,351,용산구,이촌1동,2.0623113046447,2.0623113046447,2.0623113046447,2.0623113046447,2.0623113046447
352,352,용산구,이촌2동,1.43766688045328,1.43766688045328,1.43766688045328,1.43766688045328,1.43766688045328
353,353,용산구,이태원1동,1.39385818647203,1.39385818647203,1.39385818647203,1.39385818647203,1.39385818647203
354,354,용산구,이태원2동,1.35068096177288,1.35068096177288,1.35068096177288,1.35068096177288,1.35068096177288
355,355,용산구,서빙고동,1.61931146947931,1.61931146947931,1.61931146947931,1.61931146947931,1.61931146947931
356,356,용산구,보광동,1.48101991485168,1.48101991485168,1.48101991485168,1.48101991485168,1.48101991485168
357,357,용산구,청파동,1.67835154437899,1.67835154437899,1.67835154437899,1.67835154437899,1.67835154437899
358,358,용산구,원효로1동,1.56768306866562,1.56768306866562,1.56768306866562,1.56768306866562,1.56768306866562
359,359,용산구,한강로동,1.90948126257926,1.90948126257926,1.90948126257926,1.90948126257926,1.90948126257926
360,360,용산구,한남동,1.84204488141878,1.84204488141878,1.84204488141878,1.84204488141878,1.84204488141878
361,361,은평구,녹번동,1.49024282041467,1.49024282041467,1.49024282041467,1.49024282041467,1.49024282041467
362,362,은평구,불광1동,1.56963431516116,1.56963431516116,1.56963431516116,1.56963431516116,1.56963431516116
363,363,은평구,갈현1동,1.06340611626978,1.06340611626978,1.06340611626978,1.06340611626978,1.06340611626978
364,364,은평구,갈현2동,1.19167373133874,1.19167373133874,1.19167373133874,1.19167373133874,1.19167373133874
365,365,은평구,구산동,1.24362716895863,1.24362716895863,1.24362716895863,1.24362716895863,1.24362716895863
366,366,은평구,대조동,1.33307662314146,1.33307662314146,1.33307662314146,1.33307662314146,1.33307662314146
367,367,은평구,응암1동,1.20017937975779,1.20017937975779,1.20017937975779,1.20017937975779,1.20017937975779
368,368,은평구,응암2동,1.02412850108245,1.02412850108245,1.02412850108245,1.02412850108245,1.02412850108245
369,369,은평구,신사1동,1.16003487912305,1.16003487912305,1.16003487912305,1.16003487912305,1.16003487912305
370,370,은평구,신사2동,1.03671500253354,1.03671500253354,1.03671500253354,1.03671500253354,1.03671500253354
371,371,은평구,증산동,0.91340641991058,0.91340641991058,0.91340641991058,0.91340641991058,0.91340641991058
372,372,은평구,수색동,0.78481717062006,0.78481717062006,0.78481717062006,0.78481717062006,0.78481717062006
373,373,은평구,진관동,1.88468948135036,1.88468948135036,1.88468948135036,1.88468948135036,1.88468948135036
374,374,은평구,불광2동,1.27548582522462,1.27548582522462,1.27548582522462,1.27548582522462,1.27548582522462
375,375,은평구,응암3동,1.2209098668627,1.2209098668627,1.2209098668627,1.2209098668627,1.2209098668627
376,376,은평구,역촌동,1.72305703969877,1.72305703969877,1.72305703969877,1.72305703969877,1.72305703969877
377,377,종로구,사직동,1.28067510442296,1.28067510442296,1.28067510442296,1.28067510442296,1.28067510442296
378,378,종로구,삼청동,0.813398621091372,0.813398621091372,0.813398621091372,0.813398621091372,0.813398621091372
379,379,종로구,부암동,0.929937060249891,0.929937060249891,0.929937060249891,0.929937060249891,0.929937060249891
380,380,종로구,평창동,1.31062793332852,1.31062793332852,1.31062793332852,1.31062793332852,1.31062793332852
381,381,종로구,무악동,1.06175437243212,1.06175437243212,1.06175437243212,1.06175437243212,1.06175437243212
382,382,종로구,교남동,1.45379323206524,1.45379323206524,1.45379323206524,1.45379323206524,1.45379323206524
383,383,종로구,가회동,0.846061575443227,0.846061575443227,0.846061575443227,0.846061575443227,0.846061575443227
384,384,종로구,종로1.2.3.4가동,1.88539546188095,1.88539546188095,1.88539546188095,1.88539546188095,1.88539546188095
385,385,종로구,종로5.6가동,1.2324564400559,1.2324564400559,1.2324564400559,1.2324564400559,1.2324564400559
386,386,종로구,이화동,1.06887918766743,1.06887918766743,1.06887918766743,1.06887918766743,1.06887918766743
387,387,종로구,창신1동,0.938319793068057,0.938319793068057,0.938319793068057,0.938319793068057,0.938319793068057
388,388,종로구,창신2동,1.02489432158734,1.02489432158734,1.02489432158734,1.02489432158734,1.02489432158734
389,389,종로구,창신3동,0.82919154230036,0.82919154230036,0.82919154230036,0.82919154230036,0.82919154230036
390,390,종로구,숭인1동,0.866327113977177,0.866327113977177,0.866327113977177,0.866327113977177,0.866327113977177
391,391,종로구,숭인2동,1.11424413944762,1.11424413944762,1.11424413944762,1.11424413944762,1.11424413944762
392,392,종로구,청운효자동,1.24004945930869,1.24004945930869,1.24004945930869,1.24004945930869,1.24004945930869
393,393,종로구,혜화동,1.61006452587244,1.61006452587244,1.61006452587244,1.61006452587244,1.61006452587244
394,394,중구,소공동,1.50997877792743,1.50997877792743,1.50997877792743,1.50997877792743,1.50997877792743
395,395,중구,회현동,1.6189988000206,1.6189988000206,1.6189988000206,1.6189988000206,1.6189988000206
396,396,중구,명동,1.25491774014151,1.25491774014151,1.25491774014151,1.25491774014151,1.25491774014151
397,397,중구,필동,1.06810356691649,1.06810356691649,1.06810356691649,1.06810356691649,1.06810356691649
398,398,중구,장충동,0.927676938359786,0.927676938359786,0.927676938359786,0.927676938359786,0.927676938359786
399,399,중구,광희동,1.47178777113287,1.47178777113287,1.47178777113287,1.47178777113287,1.47178777113287
400,400,중구,을지로동,1.34646655068985,1.34646655068985,1.34646655068985,1.34646655068985,1.34646655068985
401,401,중구,신당5동,1.25763166656406,1.25763166656406,1.25763166656406,1.25763166656406,1.25763166656406
402,402,중구,황학동,1.35013973861128,1.35013973861128,1.35013973861128,1.35013973861128,1.35013973861128
403,403,중구,중림동,1.53333257261742,1.53333257261742,1.53333257261742,1.53333257261742,1.53333257261742
404,404,중구,신당동,1.88216004550031,1.88216004550031,1.88216004550031,1.88216004550031,1.88216004550031
405,405,중구,다산동,1.4036397362798,1.4036397362798,1.4036397362798,1.4036397362798,1.4036397362798
406,406,중구,약수동,1.47679708693658,1.47679708693658,1.47679708693658,1.47679708693658,1.47679708693658
407,407,중구,청구동,1.38327412791838,1.38327412791838,1.38327412791838,1.38327412791838,1.38327412791838
408,408,중구,동화동,1.29150921691059,1.29150921691059,1.29150921691059,1.29150921691059,1.29150921691059
409,409,중랑구,면목2동,0.848513522631402,0.848513522631402,0.848513522631402,0.848513522631402,0.848513522631402
410,410,중랑구,면목4동,0.687700880037454,0.687700880037454,0.687700880037454,0.687700880037454,0.687700880037454
411,411,중랑구,면목5동,0.486833004363662,0.486833004363662,0.486833004363662,0.486833004363662,0.486833004363662
412,412,중랑구,면목7동,0.7322331389951,0.7322331389951,0.7322331389951,0.7322331389951,0.7322331389951
413,413,중랑구,상봉1동,0.807503100367651,0.807503100367651,0.807503100367651,0.807503100367651,0.807503100367651
414,414,중랑구,상봉2동,0.736448748458419,0.736448748458419,0.736448748458419,0.736448748458419,0.736448748458419
415,415,중랑구,중화1동,0.727460865170044,0.727460865170044,0.727460865170044,0.727460865170044,0.727460865170044
416,416,중랑구,중화2동,0.968200150612322,0.968200150612322,0.968200150612322,0.968200150612322,0.968200150612322
417,417,중랑구,묵1동,1.00173708659952,1.00173708659952,1.00173708659952,1.00173708659952,1.00173708659952
418,418,중랑구,묵2동,0.749825411925893,0.749825411925893,0.749825411925893,0.749825411925893,0.749825411925893
419,419,중랑구,망우3동,0.634529846690766,0.634529846690766,0.634529846690766,0.634529846690766,0.634529846690766
420,420,중랑구,신내1동,1.11176101812748,1.11176101812748,1.11176101812748,1.11176101812748,1.11176101812748
421,421,중랑구,신내2동,0.723592711255848,0.723592711255848,0.723592711255848,0.723592711255848,0.723592711255848
422,422,중랑구,면목본동,1.0537351095511,1.0537351095511,1.0537351095511,1.0537351095511,1.0537351095511
423,423,중랑구,면목3.8동,0.854298271245268,0.854298271245268,0.854298271245268,0.854298271245268,0.854298271245268
424,424,중랑구,망우본동,1.04236239482608,1.04236239482608,1.04236239482608,1.04236239482608,1.04236239482608
