index,pl_id,name,x_cor,y_cor,installed_2020,installed_2022,installed_2024,installed_2026,installed_2028,동,자치구,dong_id
0,0,남부초공영주차장,37.4850413,126.9221169,0,0,0,1,1,신사동,강남구,1
1,1,신사동제1공영주차장,37.4843973,126.915444,0,0,0,1,1,신사동,강남구,1
2,2,압구정428,37.5268421056,127.0270562016,0,0,0,1,1,신사동,강남구,1
3,3,신구초교,37.5233612951,127.023991523,0,0,0,1,1,신사동,강남구,1
4,4,논현초교,37.5084906566,127.0262216669,0,0,0,1,1,논현1동,강남구,2
5,5,삼성1동문화센터,37.5143551261,127.0626093517,0,0,0,1,1,삼성1동,강남구,4
6,6,탄천주차장,37.5141115358,127.066491114,0,0,1,1,1,삼성1동,강남구,4
7,7,삼성로별관 부설,37.5159099376,127.0521408548,0,0,1,1,1,삼성1동,강남구,4
8,8,탄천,37.51289,127.069268,0,0,0,0,1,삼성1동,강남구,4
9,9,강남치매지원센터,37.5103116999,127.0463776454,0,0,0,1,1,삼성2동,강남구,5
10,10,구청 부설,37.5179663586,127.0470610826,0,0,0,0,1,삼성2동,강남구,5
11,11,도산대로25길32,37.4976788229,127.0564525891,0,0,0,0,0,대치4동,강남구,7
12,12,도곡로421,37.4976788229,127.0564525891,0,0,0,1,1,대치4동,강남구,7
13,13,도곡초교,37.4995106013,127.054463604,0,0,0,0,1,대치4동,강남구,7
14,14,도곡로21길7,37.4925934254,127.0388718483,0,0,1,1,1,역삼1동,강남구,8
15,15,역삼1동문화센터,37.4953738379,127.0332824836,0,0,0,1,1,역삼1동,강남구,8
16,16,역삼문화공원,37.5025141908,127.0303904616,0,1,1,1,1,역삼1동,강남구,8
17,17,도곡로327,37.4961565104,127.0516657363,0,0,1,1,1,역삼2동,강남구,9
18,18,언주초교,37.4863230777,127.0367926524,0,0,0,0,0,도곡1동,강남구,10
19,19,논현로32길15,37.4842521056,127.0434399102,0,0,0,1,1,도곡2동,강남구,11
20,20,구룡산제1호,37.4760669787,127.0672849458,0,0,0,1,0,개포1동,강남구,12
21,21,구룡산제2호,37.4760669787,127.0672849458,0,0,1,0,1,개포1동,강남구,12
22,22,포이초교,37.475292873,127.0514162216,0,0,0,0,1,개포4동,강남구,13
23,23,논현로22길,37.4812594671,127.0468164511,0,0,0,0,1,개포4동,강남구,13
24,24,개포로24길33,37.4771388546,127.0497487923,0,0,1,1,1,개포4동,강남구,13
25,25,일원역,37.484669,127.084056,0,0,1,1,1,일원본동,강남구,14
26,26,일원터널,37.482745,127.078902,0,1,1,1,1,일원본동,강남구,14
27,27,탄천제2호,37.4931474673,127.0877676116,0,0,0,1,1,일원1동,강남구,15
28,28,일원1동,37.4895657461,127.0817931211,0,0,0,1,1,일원1동,강남구,15
29,29,영희초교,37.4923016605,127.0811312059,0,0,0,0,1,일원1동,강남구,15
30,30,일원동,37.491368,127.088279,0,0,0,0,1,일원1동,강남구,15
31,31,대청역,37.4949158103,127.0793201996,0,0,0,0,0,일원2동,강남구,16
32,32,밤고개로21길,37.4949158103,127.0793201996,0,0,0,0,0,일원2동,강남구,16
33,33,대청역,37.4949158103,127.0793201996,0,0,0,0,0,일원2동,강남구,16
34,34,밤고개로21길,37.4949158103,127.0793201996,0,0,0,0,0,일원2동,강남구,16
35,35,수서역,37.487944,127.099935,0,0,1,1,1,수서동,강남구,17
36,36,대왕초교,37.4646213557,127.1055894642,0,0,0,0,0,세곡동,강남구,18
37,37,대왕초교,37.4646213557,127.1055894642,0,0,0,0,0,세곡동,강남구,18
38,38,언북초교,37.520126074,127.0447140682,0,0,1,1,1,청담동,강남구,20
39,39,대치2동문화센터,37.5023060444,127.064187116,0,0,0,0,0,대치2동,강남구,21
40,40,학여울역,37.495109,127.069857,0,0,0,0,0,대치2동,강남구,21
41,41,개포동공원,37.4897076707,127.068292231,0,0,1,1,1,개포2동,강남구,22
42,42,강일동공영주차장,37.566151,127.172156,0,0,0,1,1,강일동,강동구,23
43,43,명일동공영주차장,37.551013,127.142896,0,0,0,0,1,명일1동,강동구,25
44,44,명일동,37.55358,127.155883,0,0,0,0,1,명일2동,강동구,26
45,45,온조대왕옆공영주차장,37.5556702109,127.1569356497,0,0,0,1,1,고덕2동,강동구,28
46,46,천호1동공영주차장,37.5448022,127.136317,0,0,0,1,1,천호1동,강동구,31
47,47,고분다리전통시장공영주차장,37.542834,127.132024,0,0,0,1,1,천호1동,강동구,31
48,48,천호3동공영주차장,37.539087,127.133257,0,0,0,0,0,천호3동,강동구,32
49,49,안말공영주차장,37.531212,127.129905,0,0,0,0,0,성내2동,강동구,34
50,50,암사1동공영주차장,37.552752,127.137985,0,0,1,1,1,암사1동,강동구,38
51,51,천호역,37.538507,127.125128,0,1,0,0,0,천호2동,강동구,39
52,52,해공공영주차장,37.541035,127.128835,0,0,0,0,0,천호2동,강동구,39
53,53,천호유수지공영주차장,37.544765,127.121876,0,0,0,0,0,천호2동,강동구,39
54,54,천호2동공영주차장,37.540301,127.123006,0,0,0,0,0,천호2동,강동구,39
55,55,번2동주차장,37.626781,127.036718,0,0,0,1,1,번2동,강북구,42
56,56,번동햇살주차장,37.625019,127.033142,0,0,0,0,1,번2동,강북구,42
57,57,색동공원주차장,37.633199,127.020581,0,0,0,0,0,수유1동,강북구,44
58,58,수유마을시장주차장,37.630588,127.022003,0,0,0,0,0,수유1동,강북구,44
59,59,수유쌈지주차장,37.632063,127.023556,0,0,0,0,0,수유1동,강북구,44
60,60,수유일공원주차장,37.630619,127.017431,0,0,0,0,0,수유1동,강북구,44
61,61,시범주차장,37.640013,127.025942,0,0,0,1,1,수유3동,강북구,46
62,62,대지시장길주차장,37.620104,127.020227,0,0,0,1,1,삼양동,강북구,47
63,63,구세군길주차장,37.625959,127.013517,0,0,0,1,1,삼양동,강북구,47
64,64,삼양마을공원주차장,37.622894,127.018223,0,0,0,0,1,삼양동,강북구,47
65,65,청암주차장,37.624664,127.015402,0,0,0,0,1,삼양동,강북구,47
66,66,삼양시장길주차장,37.625824,127.015677,0,0,0,0,1,삼양동,강북구,47
67,67,은혜(무인)주차장,37.627919,127.016971,0,0,0,0,1,삼양동,강북구,47
68,68,미아동주차장,37.628521,127.022331,0,0,0,0,1,미아동,강북구,48
69,69,송중동주차장,37.611602,127.033569,0,0,0,1,1,송중동,강북구,49
70,70,어울림소공원주차장,37.618584,127.036247,0,0,0,1,1,송중동,강북구,49
71,71,오패산주차장,37.622054,127.031151,0,0,0,1,1,송중동,강북구,49
72,72,송천동주차장,37.614536,127.025126,0,0,0,1,1,송천동,강북구,50
73,73,우이동주차장,37.656681,127.011607,0,0,0,1,1,우이동,강북구,52
74,74,교통광장주차장,37.661971,127.007884,0,0,0,1,1,우이동,강북구,52
75,75,인수동주차장,37.635193,127.019186,0,0,0,1,1,인수동,강북구,53
76,76,가오리주차장,37.641526,127.014951,0,0,0,1,1,인수동,강북구,53
77,77,등촌2-1,37.549757,126.859126,0,0,0,0,0,등촌2동,강서구,56
78,78,화곡본-2,37.5441208,126.8485531,0,0,1,1,1,화곡본동,강서구,58
79,79,화곡본-1,37.5397032,126.847571,0,0,0,0,1,화곡본동,강서구,58
80,80,화곡5-3,37.5433295,126.8335441,0,0,0,1,1,화곡3동,강서구,60
81,81,화곡7-1,37.5446015,126.834701,0,0,0,0,1,화곡3동,강서구,60
82,82,화곡6-1,37.5529786,126.8462661,0,0,1,1,1,화곡6동,강서구,62
83,83,화곡2-1,37.5359807,126.8502384,0,0,0,0,1,화곡8동,강서구,63
84,84,화곡8-1,37.5384651,126.8466395,0,0,0,0,1,화곡8동,강서구,63
85,85,화곡8-2,37.5376472,126.8481274,0,0,0,0,1,화곡8동,강서구,63
86,86,영보빌딩,37.563296,126.853045,0,0,0,1,1,가양2동,강서구,65
87,87,가양3동,37.560525,126.859687,0,0,0,0,0,가양3동,강서구,66
88,88,공항동(송정역),37.560321,126.810614,0,1,0,0,0,공항동,강서구,68
89,89,공항동(송정역),37.560321,126.810614,0,0,0,0,0,공항동,강서구,68
90,90,공항동(송정역),37.560321,126.810614,0,0,0,0,0,공항동,강서구,68
91,91,개화산역,37.572362,126.805774,0,0,0,0,0,방화2동,강서구,70
92,92,개화역,37.577917,126.798208,0,0,0,0,0,방화2동,강서구,70
93,93,개화산역,37.572362,126.805774,0,0,0,0,0,방화2동,강서구,70
94,94,개화역,37.577917,126.798208,0,0,0,0,0,방화2동,강서구,70
95,95,방화역(동),37.57725,126.813278,0,0,0,0,1,방화3동,강서구,71
96,96,방화역(서),37.577527,126.812129,0,0,0,0,1,방화3동,강서구,71
97,97,방화우체국,37.579612,126.814605,0,0,0,1,1,방화3동,강서구,71
98,98,여울,37.5350395309,126.824149454,0,0,0,0,0,화곡1동,강서구,72
99,99,화곡5-2,37.5441769,126.8385479,0,1,1,1,1,우장산동,강서구,73
100,100,보라매제1공영주차장,37.4885084,126.9345192,0,0,0,0,1,보라매동,관악구,74
101,101,행운동제1공영주차장,37.4797436,126.960471,0,0,0,1,1,행운동,관악구,76
102,102,남부초공영주차장,37.4850413,126.9221169,0,0,0,0,0,신사동,관악구,84
103,103,신사동제1공영주차장,37.4843973,126.915444,0,0,0,0,0,신사동,관악구,84
104,104,압구정428,37.5268421056,127.0270562016,0,0,0,0,0,신사동,관악구,84
105,105,신구초교,37.5233612951,127.023991523,0,0,0,0,0,신사동,관악구,84
106,106,신림동제1공영주차장,37.487364,126.9233928,0,0,0,0,1,신림동,관악구,85
107,107,구로디지털단지역(상),37.484644,126.903739,0,0,0,1,1,조원동,관악구,87
108,108,난우중공영주차장,37.4666807,126.9228102,0,0,0,0,1,난곡동,관악구,92
109,109,원신공영주차장,37.470107,126.929213,0,0,0,0,1,삼성동,관악구,93
110,110,미성동제4공영주차장,37.4762929,126.9199215,0,0,0,1,1,미성동,관악구,94
111,111,민방위교육장공영주차장,37.4693484,126.9112682,0,0,0,1,1,미성동,관악구,94
112,112,화양동 공영,37.5452978672,127.0711809122,0,0,0,1,1,화양동,광진구,95
113,113,광진광장 공영,37.54769328,127.0732155725,0,0,0,0,1,군자동,광진구,96
114,114,중곡3동 마을공원 공영주차장,37.5699186114,127.0846836236,0,0,0,0,1,중곡3동,광진구,99
115,115,능동 공영주차장,37.5540425524,127.0802429253,0,0,0,0,1,능동,광진구,101
116,116,구의1동 공영주차장,37.538269647,127.0878657299,0,0,0,0,1,구의1동,광진구,102
117,117,구의3동 공영주차장,37.5391535787,127.0913607987,0,0,0,0,1,구의3동,광진구,104
118,118,자양유수지,37.5293858107,127.0775284419,0,0,0,0,1,자양2동,광진구,107
119,119,자양4동 공영,37.5395043104,127.0683511994,0,0,0,0,1,자양4동,광진구,109
120,120,구로4동 주택가 공동,37.489771,126.878328,0,0,0,0,1,구로1동,구로구,111
121,121,구로3동 마을공동,37.484981,126.888408,0,0,0,0,0,구로3동,구로구,112
122,122,구로디지털단지역,37.485258,126.901611,0,0,0,0,0,구로3동,구로구,112
123,123,구로리공원 지하,37.490848,126.891578,0,0,0,1,1,구로4동,구로구,113
124,124,대림노외,37.493238,126.893914,0,0,0,0,1,구로4동,구로구,113
125,125,신도림역 환승,37.507776,126.892163,0,0,0,1,1,구로5동,구로구,114
126,126,구로아트밸리 지하,37.497057,126.889559,0,0,0,1,1,구로5동,구로구,114
127,127,고척1동 마을공동,37.502261,126.863882,0,0,0,1,1,고척1동,구로구,115
128,128,오류1동 텃골,37.495385,126.839295,0,0,0,1,1,오류1동,구로구,119
129,129,천왕역,37.4866,126.83889,0,0,1,1,1,오류2동,구로구,120
130,130,하늘공원 주차장,37.487394,126.880518,0,0,1,0,0,구로2동,구로구,123
131,131,개봉1동 마을공동,37.505741,126.844893,0,0,0,0,0,개봉1동,구로구,124
132,132,개봉1동 노외,37.505741,126.844893,0,0,0,0,0,개봉1동,구로구,124
133,133,고척근린공원 지하,37.505917,126.844427,0,0,0,0,0,개봉1동,구로구,124
134,134,가산디지털서측,37.4856589,126.8795454,0,0,0,1,1,가산동,금천구,125
135,135,가산동,37.4766272,126.8955605,0,0,1,1,1,가산동,금천구,125
136,136,독산1동,37.4648929,126.8947892,0,0,1,1,1,독산1동,금천구,126
137,137,독산2동,37.4638245,126.9000342,0,0,0,0,0,독산2동,금천구,127
138,138,독산3동,37.4794495,126.9063345,0,0,0,0,1,독산3동,금천구,128
139,139,다목적,37.4763121,126.9018749,0,0,0,0,1,독산3동,금천구,128
140,140,구룡,37.4778365,126.9027254,0,0,0,0,1,독산3동,금천구,128
141,141,독산4동,37.4693894,126.9044937,0,0,0,0,1,독산4동,금천구,129
142,142,시흥1동,37.4506021,126.8966903,0,0,0,1,1,시흥1동,금천구,130
143,143,남부여성발전센터,37.463149,126.906039,0,0,0,0,1,시흥4동,금천구,133
144,144,효봉,37.4607323,126.9109466,0,0,0,0,1,시흥4동,금천구,133
145,145,시흥4동,37.4587601,126.9067648,0,0,0,0,1,시흥4동,금천구,133
146,146,석계역,37.615487,127.062328,0,0,0,0,0,월계1동,노원구,135
147,147,월계역,37.633124,127.058825,0,0,0,0,0,월계2동,노원구,136
148,148,수락산역,37.678552,127.055903,0,0,0,0,0,상계1동,노원구,144
149,149,수락산역,37.678552,127.055903,0,0,0,0,0,상계1동,노원구,144
150,150,당고개아래,37.667856,127.076858,0,0,0,0,0,상계3.4동,노원구,150
151,151,창동역,37.654781,127.050827,0,0,0,0,1,창4동,도봉구,164
152,152,창동역(서),37.652253,127.045832,0,0,0,0,1,창5동,도봉구,165
153,153,도봉산,37.687624,127.040616,0,0,0,0,0,도봉1동,도봉구,166
154,154,휘경유수지,37.5892934,127.0695883,0,0,0,0,1,휘경2동,동대문구,170
155,155,견인보관소노외,37.5892934,127.0695883,0,0,0,1,0,휘경2동,동대문구,170
156,156,신설동 풍물시장,37.572531,127.024261,0,0,0,1,1,용신동,동대문구,172
157,157,장안2동,37.578281,127.070618,0,0,0,1,1,장안2동,동대문구,179
158,158,외대주차빌딩,37.5949959,127.0626233,0,0,0,1,1,이문1동,동대문구,180
159,159,동작구청부설,37.512187,126.940148,0,0,0,1,1,노량진2동,동작구,182
160,160,빙수골장미,37.493558,126.933486,0,0,0,0,1,상도3동,동작구,185
161,161,도화,37.499621,126.934969,0,0,1,1,1,상도4동,동작구,186
162,162,한누리,37.477255,126.976788,0,0,0,0,0,사당1동,동작구,187
163,163,대방생태,37.500189,126.926641,0,1,0,0,0,대방동,동작구,191
164,164,신대방역,37.487559,126.913219,0,0,1,0,1,신대방1동,동작구,192
165,165,구릉,37.498866,126.927312,0,0,0,1,1,신대방2동,동작구,193
166,166,보라매공원동문,37.4938827659,126.923544,0,0,0,1,1,신대방2동,동작구,193
167,167,흑석빗물펌프장,37.508318,126.962708,0,0,0,0,1,흑석동,동작구,194
168,168,흑석3동,37.506417,126.962287,0,0,1,1,1,흑석동,동작구,194
169,169,동작주차공원,37.503698,126.976331,0,0,0,1,1,사당2동,동작구,196
170,170,동작대교,37.505942,126.980263,0,0,1,1,1,사당2동,동작구,196
171,171,마포유수지,37.53879,126.942649,0,0,0,1,1,용강동,마포구,197
172,172,망원동,37.559666,126.906454,0,0,0,1,1,망원2동,마포구,204
173,173,미근동,37.562217,126.968306,0,0,1,0,1,충현동,서대문구,223
174,174,교대역동측,37.4939238,127.0159712,0,0,1,1,1,서초1동,서초구,227
175,175,무궁화 노외공영주차장,37.4922544,127.0167575,0,0,0,0,1,서초1동,서초구,227
176,176,잠원동 방음언덕형 공영주차장,37.515762,127.016135,0,1,0,0,0,잠원동,서초구,231
177,177,언구비 주차빌딩,37.504727,127.020988,0,0,1,1,1,반포1동,서초구,233
178,178,서초구립 반포2동,37.5041685,126.9953925,0,0,0,1,1,반포2동,서초구,234
179,179,미도아파트 앞 주차빌딩,37.4999956,127.010444,0,0,1,1,1,반포4동,서초구,236
180,180,서래마을구립 공영주차장,37.497137,126.9986579,0,0,0,0,1,반포4동,서초구,236
181,181,반포4동 주민센터 공영주차장,37.497432,127.0003038,0,0,1,1,1,반포4동,서초구,236
182,182,이수 주차빌딩,37.4962412,126.9853886,0,0,1,1,1,방배본동,서초구,237
183,183,방배1동 공영주차장,37.4854672,126.9924335,0,0,0,0,1,방배1동,서초구,238
184,184,중앙로 공영 주차빌딩,37.4821794,126.992055,0,0,0,0,1,방배2동,서초구,239
185,185,사당노외,37.475302,126.983763,0,0,1,0,1,방배2동,서초구,239
186,186,서울교통공사 사당 부설 주차장,37.4763143,126.985636,0,0,0,1,1,방배2동,서초구,239
187,187,방배열린 문화센터,37.4889095,126.9922476,0,0,1,1,1,방배4동,서초구,241
188,188,양재주차빌딩,37.4785659,127.041321,0,0,1,1,1,양재1동,서초구,242
189,189,시민의숲동측,37.472718,127.038203,0,0,0,0,0,양재2동,서초구,243
190,190,청계산근린광장,37.446471,127.056126,0,0,0,0,0,양재2동,서초구,243
191,191,구룡주차빌딩,37.474112,127.045908,0,0,0,0,0,양재2동,서초구,243
192,192,동산마을 공영주차장,37.470008,127.044326,0,0,0,0,0,양재2동,서초구,243
193,193,구룡공원 노외공영주차장,37.4715926,127.0484805,0,0,0,0,0,양재2동,서초구,243
194,194,언남문화체육 센터공영주차장,37.4724059,127.0444116,0,0,0,0,0,양재2동,서초구,243
195,195,양재2동주민센터 공영주차장,37.4705526,127.0412109,0,0,0,0,0,양재2동,서초구,243
196,196,청계산청룡,37.446653,127.059622,0,0,1,1,1,내곡동,서초구,244
197,197,하왕십리(건물),37.5605019,127.028167,0,0,0,0,1,왕십리2동,성동구,245
198,198,동대문,37.567161,127.012132,0,0,0,0,1,마장동,성동구,246
199,199,마장동(건물),37.5700669,127.0349419,0,0,0,0,1,마장동,성동구,246
200,200,마장동축산물 서문,37.5706795,127.0385448,0,0,0,1,1,마장동,성동구,246
201,201,응봉동(평면),37.5505322,127.0345617,0,0,0,0,1,응봉동,성동구,250
202,202,성수1가2동(평면),37.5498494,127.0497575,0,0,0,0,0,성수1가2동,성동구,254
203,203,성수2가1동(건물),37.5368616,127.0563893,0,0,0,1,1,성수2가1동,성동구,255
204,204,성수2가3동(건물),37.5490127,127.0549305,0,0,0,1,0,성수2가3동,성동구,256
205,205,송정동 (건물),37.5497209,127.0682035,0,0,0,1,1,송정동,성동구,257
206,206,용답동(건물),37.5644539,127.0540087,0,0,0,0,1,용답동,성동구,258
207,207,용답제2공영주차장,37.563027,127.0559285,0,0,0,0,1,용답동,성동구,258
208,208,서울교통공사 인재개발원 부설 주차장,37.562018,127.056888,0,0,0,1,1,용답동,성동구,258
209,209,도선동,37.5656446,127.0319098,0,0,0,0,1,왕십리도선동,성동구,259
210,210,홍익동(건물),37.565856,127.0338459,0,0,0,1,1,왕십리도선동,성동구,259
211,211,새싹마을 공영주차장,37.56868111,127.01098111,0,0,0,1,1,왕십리도선동,성동구,259
212,212,금호초등학교(건물),37.5523437,127.0194207,0,0,0,1,1,금호2.3가동,성동구,260
213,213,벤처빌딩,37.6083886,127.0423002,0,0,0,1,1,월곡2동,성북구,273
214,214,장위시장,37.6105275,127.0484822,0,0,0,1,1,장위2동,성북구,275
215,215,경동고,37.5861472,127.012726,0,0,0,1,1,삼선동,성북구,278
216,216,종암1동,37.599277,127.031037,0,0,0,1,1,종암동,성북구,280
217,217,풍납1공영,37.535527,127.120271,0,0,0,0,1,풍납1동,송파구,282
218,218,풍납2공영,37.535919,127.116125,0,0,0,1,1,풍납1동,송파구,282
219,219,풍납시장,37.537238,127.121273,0,0,0,1,1,풍납1동,송파구,282
220,220,거여동공영,37.492249,127.150388,0,0,0,0,1,거여2동,송파구,285
221,221,마천동2,37.494314,127.156487,0,0,0,1,1,마천1동,송파구,286
222,222,마천동3,37.496088,127.149842,0,0,0,1,1,마천1동,송파구,286
223,223,천마,37.50019,127.154843,0,0,0,1,1,마천2동,송파구,287
224,224,방이고분 주차장,37.507409,127.118439,0,0,0,1,1,방이1동,송파구,288
225,225,방이동,37.51372,127.113913,0,0,1,1,1,방이2동,송파구,289
226,226,송파동,37.507013,127.113321,0,0,0,0,1,송파1동,송파구,292
227,227,송파근린공원주차장,37.506456,127.109438,0,0,0,1,1,송파1동,송파구,292
228,228,카페고고스,37.506607,127.098402,0,0,0,0,0,석촌동,송파구,294
229,229,삼전동,37.500199,127.095957,0,0,0,1,1,삼전동,송파구,295
230,230,가락동1(체비지),37.49442,127.118803,0,0,0,0,1,가락본동,송파구,296
231,231,가락동2(체비지),37.494681,127.119759,0,0,1,1,1,가락본동,송파구,296
232,232,문정근린공원,37.485972,127.124748,0,0,1,1,1,문정1동,송파구,299
233,233,아시아공원,37.510186,127.07828,0,0,1,1,0,잠실본동,송파구,303
234,234,신천유수지,37.522409,127.102903,0,0,0,1,1,잠실6동,송파구,305
235,235,잠실역,37.513118,127.103524,0,0,0,0,1,잠실6동,송파구,305
236,236,송파나루공원 동호주차장,37.513205,127.106549,0,0,0,1,1,잠실6동,송파구,305
237,237,신천유수지 주차장,37.521813,127.102693,0,0,0,0,0,잠실6동,송파구,305
238,238,잠실역환승,37.514926,127.105963,0,0,0,0,1,잠실6동,송파구,305
239,239,더다이닝호수,37.510556,127.101088,0,0,1,1,1,잠실3동,송파구,308
240,240,서울놀이마당,37.508941,127.097721,0,0,1,1,1,잠실3동,송파구,308
241,241,목동,37.5281321595,126.8765231493,0,0,0,0,1,목1동,양천구,309
242,242,바람개비,37.530285,126.874151,0,0,0,0,1,목1동,양천구,309
243,243,한마음,37.530767,126.878046,0,0,0,0,1,목1동,양천구,309
244,244,목2동 월촌,37.546036,126.874808,0,0,0,0,1,목2동,양천구,310
245,245,달마을,37.544424,126.871574,0,0,1,1,1,목2동,양천구,310
246,246,한두,37.548771,126.866094,0,0,0,1,1,목3동,양천구,311
247,247,목3동 해운,37.5419998,126.865111,0,0,1,1,1,목3동,양천구,311
248,248,신영시장,37.533088,126.836284,0,0,0,0,0,신월1동,양천구,313
249,249,마을마당,37.530544,126.8332994,0,0,0,0,0,신월1동,양천구,313
250,250,곰달래,37.5294977,126.8360152,0,0,0,0,0,신월1동,양천구,313
251,251,당곡,37.524465,126.845025,0,0,0,0,1,신월2동,양천구,314
252,252,서서울,37.528565,126.832411,0,0,0,1,1,신월3동,양천구,315
253,253,능골,37.533173,126.824559,0,0,0,1,1,신월3동,양천구,315
254,254,신우,37.534569,126.828575,0,0,0,1,1,신월3동,양천구,315
255,255,화곡3-1,37.5417019,126.8325455,0,0,0,0,0,신월5동,양천구,317
256,256,화곡4-1,37.5417015,126.8259794,0,0,0,0,0,신월5동,양천구,317
257,257,가로공원,37.5367251491,126.8308300981,0,0,0,0,0,신월5동,양천구,317
258,258,구름다리,37.5240854295,126.833021609,0,0,0,0,0,신월7동,양천구,319
259,259,한울,37.520004,126.8318994587,0,0,0,0,0,신월7동,양천구,319
260,260,법마을,37.521636,126.860547,0,0,0,0,1,신정1동,양천구,320
261,261,다락골,37.516131,126.849601,0,0,1,0,0,신정3동,양천구,322
262,262,문화회관동측,37.517019,126.863725,0,0,0,0,0,신정6동,양천구,323
263,263,문화회관 지하,37.5164386,126.8633461,0,0,0,0,1,신정6동,양천구,323
264,264,어울림,37.522152,126.869307,0,0,1,1,1,신정6동,양천구,323
265,265,신정7동 한사랑교회 앞,37.514721,126.860059,0,0,0,1,0,신정7동,양천구,324
266,266,문화회관서측,37.516383,126.862569,0,0,0,0,0,신정7동,양천구,324
267,267,밝은빛,37.516217,126.861236,0,0,1,0,0,신정7동,양천구,324
268,268,목동타운홀,37.532877,126.876896,0,0,1,0,0,목5동,양천구,325
269,269,우리,37.536671,126.879154,0,0,0,1,1,목5동,양천구,325
270,270,광장,37.535507,126.879401,0,0,0,0,0,목5동,양천구,325
271,271,도서관,37.533463,126.876624,0,0,0,0,1,목5동,양천구,325
272,272,양천사회단체봉사센터,37.5318233,126.875401,0,0,0,1,1,목5동,양천구,325
273,273,목동노외,37.533411,126.87656,0,0,0,0,0,목5동,양천구,325
274,274,목동체비지,37.537009,126.880635,0,0,0,0,1,목5동,양천구,325
275,275,양평2동청사 공영주차장,37.536396,126.885352,0,0,1,1,1,목5동,양천구,325
276,276,웃우물,37.523757,126.851446,0,0,0,0,0,신정4동,양천구,326
277,277,당산노외,37.526223,126.899395,0,0,0,1,1,당산1동,영등포구,328
278,278,영등포구청역,37.524876,126.895153,0,0,0,1,0,당산1동,영등포구,328
279,279,당산1동 공영주차장,37.523768,126.899427,0,0,1,0,1,당산1동,영등포구,328
280,280,영등포구청환승공영주차장,37.524747,126.895454,0,0,0,0,0,당산1동,영등포구,328
281,281,당산근린공원공영주차장,37.525177,126.895135,0,0,0,0,1,당산1동,영등포구,328
282,282,별관청사공영주차장,37.528402,126.894421,0,0,0,0,1,당산1동,영등포구,328
283,283,당산2동 공영주차장,37.528213,126.907776,0,1,0,0,0,당산2동,영등포구,329
284,284,신길역사(1호선)공영주차장,37.515746,126.91747,0,0,0,0,1,신길1동,영등포구,332
285,285,신길1동공영주차장,37.510226,126.918608,0,0,1,1,1,신길1동,영등포구,332
286,286,경부제3녹지 공영주차장,37.513329,126.923185,0,0,0,1,1,신길1동,영등포구,332
287,287,도림초교공영주차장,37.50796,126.907033,0,0,0,1,1,신길3동,영등포구,333
288,288,신길4동공영주차장,37.505356,126.912013,0,0,0,0,1,신길4동,영등포구,334
289,289,신길4동1동1마을공원공영주차장,37.50708,126.911729,0,0,0,0,1,신길4동,영등포구,334
290,290,신길5동공영주차장,37.502098,126.904818,0,0,0,1,1,신길5동,영등포구,335
291,291,신길6동공영주차장,37.502621,126.911337,0,0,1,1,1,신길6동,영등포구,336
292,292,신길7동공영주차장,37.508238,126.922235,0,0,0,0,1,신길7동,영등포구,337
293,293,대림어린이공원공영주차장,37.491121,126.903339,0,0,0,0,1,대림1동,영등포구,338
294,294,대림2동공영주차장,37.491568,126.899931,0,0,0,1,1,대림2동,영등포구,339
295,295,대림3동공영주차장,37.497991,126.900465,0,0,1,1,1,대림3동,영등포구,340
296,296,대림운동장공영주차장,37.499611,126.89481,0,0,1,1,1,대림3동,영등포구,340
297,297,영등포본동제1 공영주차장,37.514358,126.909151,0,0,1,1,1,영등포본동,영등포구,341
298,298,영등포본동제2공영주차장,37.513284,126.914068,0,0,0,0,1,영등포본동,영등포구,341
299,299,영등포여고공영주차장,37.515377,126.915272,0,0,0,0,1,영등포본동,영등포구,341
300,300,영등포동제2 공영주차장,37.523736,126.908556,0,0,1,1,1,영등포동,영등포구,342
301,301,신길환승(5호선)공영주차장,37.517666,126.914663,0,0,1,1,1,영등포동,영등포구,342
302,302,도림동 공영주차장,37.508188,126.896694,0,0,0,1,1,도림동,영등포구,343
303,303,문래동 공영주차장,37.516205,126.887453,0,0,0,0,0,문래동,영등포구,344
304,304,문래근린공원공영주차장,37.515405,126.885008,0,0,0,0,0,문래동,영등포구,344
305,305,해방촌노외,37.544221,126.984383,0,0,0,0,1,용산2가동,용산구,346
306,306,청구 공영주차장,37.55827811,126.97591211,0,0,0,0,1,용산2가동,용산구,346
307,307,용산주차빌딩,37.539028,127.002074,0,0,0,0,1,한남동,용산구,360
308,308,한강진역,37.539028,127.002074,0,0,0,1,0,한남동,용산구,360
309,309,갈현1동 공영주차장,37.626498,126.915337,0,0,1,1,1,갈현1동,은평구,363
310,310,구산동마을공원지하공영주차장,37.614751,126.908474,0,0,0,1,1,구산동,은평구,365
311,311,서신초교지하공영주차장,37.5923108,126.906839,0,0,1,1,1,신사2동,은평구,370
312,312,구파발역,37.638085,126.919142,0,0,0,0,0,진관동,은평구,373
313,313,새장골 공영주차장,37.624469,126.923549,0,0,1,0,1,불광2동,은평구,374
314,314,연광초교지하공영주차장,37.623995,126.924438,0,0,0,0,1,불광2동,은평구,374
315,315,연신중학교지하공영주차장,37.623324,126.925099,0,0,0,1,0,불광2동,은평구,374
316,316,응암3동 공영주차장,37.593506,126.915289,0,0,1,1,1,응암3동,은평구,375
317,317,매바위공영주차장,37.586576,126.920786,0,0,1,1,1,응암3동,은평구,375
318,318,세종로,37.573397,126.975866,0,0,0,1,1,사직동,종로구,377
319,319,비봉,37.6122155349,126.9565401309,0,0,1,1,1,평창동,종로구,380
320,320,서린노외,37.569835,126.981483,0,0,0,1,1,종로1.2.3.4가동,종로구,384
321,321,종묘,37.574496,126.994045,0,0,1,1,1,종로1.2.3.4가동,종로구,384
322,322,서인사마당,37.5736815664,126.9835858627,0,0,1,1,1,종로1.2.3.4가동,종로구,384
323,323,다산동 공영주차장,37.56494611,126.96956211,0,0,0,0,1,소공동,중구,394
324,324,초동 공영주차장,37.56645111,126.97616311,0,0,0,1,1,소공동,중구,394
325,325,성곽 공영주차장,37.56224411,126.97925811,0,0,0,0,1,소공동,중구,394
326,326,문화 공영주차장,37.56314111,126.98067411,0,0,0,0,1,소공동,중구,394
327,327,묵정공원지하 공영주차장,37.56444111,126.9801311,0,0,0,0,1,소공동,중구,394
328,328,황학어린이공원 공영주차장,37.56131111,126.97296811,0,0,0,0,1,소공동,중구,394
329,329,장충 공영주차장,37.55611411,126.9752911,0,0,0,0,1,회현동,중구,395
330,330,손기정체육공원 공영주차장,37.55877811,126.972411,0,0,0,0,1,회현동,중구,395
331,331,동산 공영주차장,37.55660411,126.97595311,0,0,0,1,1,회현동,중구,395
332,332,동국제강,37.567229,126.98347,0,0,0,0,1,명동,중구,396
333,333,약수동 공영주차장,37.56792511,126.97998211,0,0,0,0,1,명동,중구,396
334,334,필동 공영주차장,37.56835511,126.97774811,0,0,0,0,1,명동,중구,396
335,335,서소문삼성생명뒤 공영주차장,37.5673611,126.98960911,0,0,0,1,1,명동,중구,396
336,336,남산동 공영주차장,37.56787611,126.98113911,0,0,0,0,1,명동,중구,396
337,337,신당사거리 공영주차장,37.56531311,126.99596711,0,0,0,1,1,광희동,중구,399
338,338,신당역 공영주차장,37.56370211,126.99666311,0,0,0,0,1,광희동,중구,399
339,339,훈련원 화물대기,37.567026,127.003609,0,0,0,1,1,을지로동,중구,400
340,340,버티 공영주차장,37.56761311,126.99573211,0,0,0,0,1,을지로동,중구,400
341,341,중구구민회관 부설주차장,37.56764311,127.00501811,0,0,0,0,1,을지로동,중구,400
342,342,중림종합복지센터 부설주차장,37.56767711,126.9940111,0,0,0,0,1,을지로동,중구,400
343,343,충현어린이공원 공영주차장,37.56505411,127.02288811,0,0,0,1,1,신당5동,중구,401
344,344,충현 공영주차장,37.55954811,126.96621811,0,0,0,1,1,중림동,중구,403
345,345,다산아트 공영주차장,37.56744411,127.01677611,0,0,0,1,1,신당동,중구,404
346,346,신당동 공영주차장,37.562026,127.014296,0,0,1,1,1,신당동,중구,404
347,347,중랑초교,37.5891843026,127.075783364,0,0,0,1,1,면목2동,중랑구,409
348,348,면목2동,37.5879339365,127.080895225,0,0,0,1,1,면목2동,중랑구,409
349,349,중곡초교,37.5747601767,127.082678629,0,0,0,1,1,면목4동,중랑구,410
350,350,용마폭포,37.5733535419,127.089120441,0,0,0,1,1,면목4동,중랑구,410
351,351,면목5동,37.5829610248,127.08006111,0,0,0,0,0,면목5동,중랑구,411
352,352,상봉2동,37.593049171,127.084324844,0,0,0,1,1,상봉2동,중랑구,414
353,353,중화1동,37.6027493119,127.081658681,0,0,0,1,1,중화1동,중랑구,415
354,354,화랑대역,37.62009,127.08669,0,0,0,1,1,묵1동,중랑구,417
355,355,면일초교,37.591981498,127.099373988,0,0,0,0,1,망우3동,중랑구,419
356,356,봉화산역(남),37.616427,127.091907,0,0,0,1,1,신내2동,중랑구,421
357,357,봉수대,37.6070767802,127.092621627,0,0,0,1,1,신내2동,중랑구,421
358,358,동원시장,37.5900161494,127.091943773,0,0,0,1,1,면목본동,중랑구,422
359,359,은행나무,37.5870575753,127.091577826,0,0,0,0,1,면목본동,중랑구,422
360,360,늘봄,37.5898179798,127.096400078,0,0,0,1,1,면목3.8동,중랑구,423
361,361,까치공원,37.5835075461,127.086967859,0,0,0,1,1,면목3.8동,중랑구,423
362,362,금란,37.5998686891,127.101590403,0,0,0,1,0,망우본동,중랑구,424
